Etunimi,Lukumäärä
Maria,199618
Helena,125453
Anneli,123449
Johanna,112555
Kaarina,99712
Marjatta,90321
Hannele,86627
Kristiina,74973
Liisa,69806
Emilia,66786
Elina,64486
Tuulikki,59622
Annikki,58747
Sofia,58211
Maarit,57725
Susanna,56856
Leena,49280
Katariina,47775
Anna,46593
Marja,45032
Sinikka,44392
Inkeri,42011
Riitta,39370
Kyllikki,37229
Aino,36113
Tuula,35427
Anne,35120
Päivi,33867
Orvokki,33118
Ritva,32785
Tellervo,32267
Maija,32126
Karoliina,30356
Pirjo,30245
Pauliina,29909
Minna,29703
Sari,29438
Irmeli,29189
Eeva,28268
Tiina,27625
Laura,26883
Eveliina,26877
Marika,26577
Elisabet,26415
Tarja,26345
Pirkko,26025
Satu,25116
Anja,24695
Mari,24429
Hanna,24283
Seija,24103
Heidi,23870
Marita,23809
Eila,23518
Sirpa,23469
Annika,23394
Raija,23226
Jaana,22992
Irene,22954
Sisko,22842
Sanna,22565
Anita,22535
Ilona,22098
Eija,21976
Kirsi,21788
Marianne,21585
Julia,21405
Amanda,21242
Merja,21058
Katriina,20910
Arja,20253
Ulla,20243
Anni,19835
Kaisa,19805
Paula,19794
Marketta,19730
Matilda,19721
Marjaana,19678
Elisabeth,19638
Tuulia,19626
Sirkka,19571
Terttu,19343
Elisa,19098
Linnea,18677
Olivia,18126
Jenni,18026
Aurora,17793
Helmi,17786
Katja,17105
Iida,16827
Heli,16626
Mirjami,16576
Emma,16404
Hilkka,16266
Kirsti,16230
Nina,15916
Mirja,15745
Raili,15707
Anniina,15181
Maaria,15136
Katri,14915
Birgitta,14862
Sara,14412
Kaija,14223
Ida,13923
Suvi,13920
Ella,13632
Marjut,13543
Riikka,13531
Anu,13477
Aleksandra,13280
Tuija,13139
Saara,13068
Kerttu,12591
Alexandra,12552
Lea,12517
Niina,12454
Pia,12351
Aila,12336
Irma,12159
Kristina,11934
Leila,11880
Noora,11761
Marjo,11720
Marja-Leena,11627
Irja,11626
Tanja,11576
Jenna,11563
Henna,11354
Aulikki,11237
Margareta,11187
Veera,11145
Kati,11062
Lotta,10992
Hellevi,10710
Marja-Liisa,10637
Mirjam,10581
Ellen,10416
Elsa,10327
Maritta,10297
Elli,10289
Outi,10210
Anna-Liisa,10089
Milla,9970
Taina,9930
Emmi,9890
Alina,9821
Mervi,9821
Päivikki,9803
Miia,9673
Helinä,9619
Virpi,9527
Erika,9439
Siiri,9348
Jonna,9240
Venla,9211
Sini,9189
Margit,9114
Vilhelmiina,9077
Tiia,8995
Sonja,8916
Aune,8906
Aada,8824
Sanni,8257
Jasmin,8181
Josefiina,8078
Terhi,7981
Vilma,7870
Mia,7845
Maire,7824
Oona,7814
Linda,7712
Mira,7680
Alisa,7525
Roosa,7433
Lilja,7429
Martta,7344
Teija,7328
Nea,7297
Eliisa,7283
Esteri,7271
Essi,7124
Carita,7045
Airi,6976
Hillevi,6962
Piia,6959
Viivi,6917
Christina,6910
Taru,6694
Iiris,6680
Marjukka,6665
Aili,6633
Krista,6589
Petra,6553
Vuokko,6483
Tuuli,6471
Iina,6412
Annukka,6405
Juulia,6404
Marie,6317
Helvi,6258
Viola,6251
Silja,6214
Eva,6192
Mikaela,6133
Inka,6019
Jenny,5979
Henriikka,5966
Salla,5891
Susanne,5796
Erja,5766
Isabella,5757
Onerva,5731
Enni,5722
Pinja,5707
Riina,5696
Aliisa,5686
Camilla,5663
Milja,5648
Katarina,5567
Reetta,5450
Sylvia,5404
Ronja,5258
Alice,5174
Toini,5174
Maija-Liisa,5114
Ester,5068
Lyydia,5059
Eerika,5054
Elvi,4999
Salme,4990
Jessica,4989
Elise,4979
Elena,4976
Anitta,4901
Soile,4857
Meri,4821
Meeri,4772
Eevi,4745
Cecilia,4690
Asta,4669
Minttu,4598
Hilja,4549
Saana,4507
Aira,4469
Talvikki,4459
Lahja,4453
Amalia,4407
Laila,4387
Rauha,4357
Maaret,4321
Auli,4318
Taimi,4302
Sirkka-Liisa,4290
Nelli,4172
Heleena,4128
Kaisu,4128
Irina,4112
Maiju,4107
Janina,4091
Armi,4037
Ada,4017
Pihla,4003
Rauni,3989
Saija,3987
Marina,3934
Eira,3882
Marianna,3882
Elviira,3871
Heini,3848
Minea,3843
Olga,3834
Charlotta,3792
Lumi,3756
Sylvi,3755
Alma,3727
Anette,3709
Karin,3653
Adele,3627
Sirkku,3598
Nella,3587
Hilma,3556
Ingeborg,3481
Matleena,3437
Josefina,3363
Neea,3358
Vappu,3334
Oili,3330
Hilda,3293
Anna-Maija,3289
Eeva-Liisa,3277
Senja,3269
Wilhelmiina,3261
Joanna,3254
Vieno,3246
Hilla,3237
Birgit,3232
Mirva,3211
Jemina,3209
Iris,3171
Eliina,3169
Tytti,3162
Alli,3150
Rosa,3145
Sanelma,3107
Maila,3097
Tyyne,3061
Peppi,3026
Janika,3024
Saimi,3023
Soili,2990
Victoria,2962
Monica,2941
Helmiina,2929
Aava,2908
Saga,2872
Janette,2832
Loviisa,2830
Annina,2812
Fanny,2805
Jutta,2805
Anelma,2797
Mila,2784
Astrid,2774
Linnéa,2756
Natalia,2753
Aini,2694
Isla,2639
Anne-Mari,2610
Tea,2609
Teresa,2599
Janita,2589
Kiia,2577
Piritta,2543
Netta,2537
Regina,2532
Raakel,2523
Sandra,2519
Fanni,2497
Karita,2496
Mirka,2488
Helka,2466
Ingrid,2445
Elma,2435
Mona,2414
Inari,2412
Inga,2394
Eine,2390
Vilja,2388
Daniela,2366
Stella,2357
Nora,2351
Ulla-Maija,2346
Virve,2319
Ulrika,2305
Anna-Maria,2295
Lempi,2294
Vanessa,2284
Saila,2259
Selma,2259
Edith,2258
Senni,2236
Aija,2233
Louise,2233
Gunilla,2222
Lydia,2218
Margaretha,2216
Unelma,2203
Aliina,2200
Annele,2198
Jade,2170
Lilli,2129
Hertta,2091
Melissa,2084
Anastasia,2068
Rita,2065
Mimosa,2059
Christine,2054
Isabel,2054
Heta,2053
Hanne,2046
Wilma,2038
Helli,2012
Tuire,2003
Vera,1997
Taija,1993
Carolina,1988
Erica,1967
Carola,1965
Rebekka,1958
Lilian,1950
Liina,1945
Salli,1938
Reeta,1925
Varpu,1923
Lisa,1915
Helga,1909
Solveig,1909
Minja,1894
Monika,1893
Carina,1890
Heljä,1888
Hellin,1886
Sofie,1882
Melina,1870
Eini,1855
Brita,1849
Elsi,1831
Adalmiina,1826
Reija,1826
Patricia,1809
Riitta-Liisa,1803
Frida,1798
Maisa,1791
Elin,1789
Moona,1784
Karolina,1778
Susan,1754
Inger,1745
Säde,1728
Lena,1723
Mirella,1716
Miina,1707
Henrietta,1704
Charlotte,1703
Mariia,1698
Mette,1697
Janna,1696
Anna-Kaisa,1694
Laina,1679
Kia,1677
Marja-Terttu,1667
Iisa,1665
Kerstin,1661
Viktoria,1656
Tilda,1651
Kaisla,1644
Lyyli,1636
Harriet,1628
Sointu,1625
Marleena,1621
Titta,1603
Vivian,1596
Aura,1595
Amelia,1585
Pirita,1580
Jasmine,1574
Selina,1572
Valpuri,1557
Saima,1541
Helene,1521
Seela,1510
Jasmiina,1507
Raisa,1507
Siviä,1507
Miisa,1506
Tuovi,1504
Taika,1499
Stina,1497
Else,1480
Annette,1479
Rakel,1477
Ingegerd,1467
Ira,1458
Ninni,1455
Wilhelmina,1449
Ursula,1442
Rebecca,1435
Greta,1429
Kiira,1426
Kirsi-Marja,1423
Leea,1417
Mariitta,1417
Elle,1410
Elvira,1410
Veronica,1408
Pilvi,1407
Tia,1401
Martina,1400
Helen,1397
Anna-Mari,1374
Berit,1373
Marja-Riitta,1354
Benita,1352
Kanerva,1342
Terhikki,1338
Justiina,1335
Agneta,1328
Iines,1316
Erin,1313
Yvonne,1311
Eleonoora,1302
Eleonora,1298
Hanna-Leena,1289
Hely,1288
Siru,1285
Diana,1281
Ann-Mari,1279
Barbro,1279
Beatrice,1278
Henni,1273
Hanna-Mari,1266
Mea,1262
Lumia,1257
Mailis,1255
Anna-Leena,1253
Enna,1253
Lovisa,1243
Fredrika,1237
Thi,1234
Henrika,1228
Saaga,1228
Anne-Maria,1225
Magdalena,1222
Maj-Britt,1215
Raila,1213
Janica,1208
Valma,1207
Siv,1206
Kaarin,1203
Evelina,1193
Liisi,1193
Tina,1183
Malin,1182
Juuli,1155
Bertta,1152
Madeleine,1139
Anne-Marie,1133
Ann,1132
Elizabeth,1132
Lina,1132
Sohvi,1128
Iita,1119
Kirsikka,1112
Caroline,1110
Pirkko-Liisa,1110
Sarita,1107
Amelie,1105
Mathilda,1099
Ava,1098
Marjo-Riitta,1091
Miranda,1085
Edit,1084
Inna,1069
Aida,1066
Sarah,1065
Gunvor,1058
Milka,1053
Valentina,1053
Virva,1053
Mariella,1052
Svetlana,1052
Paulina,1051
Peppiina,1038
Serafiina,1038
Tinja,1037
Michaela,1029
Vellamo,1021
Adeliina,1020
Riia,1018
Neela,1014
Sabina,1014
Nanna,1013
Felicia,1012
Maija-Leena,1011
Auroora,1010
Natalie,1008
Fiona,997
Gunnel,995
Mimmi,994
Sanna-Mari,994
Aurelia,984
Kira,984
Aamu,981
Ebba,976
Elna,974
Ansa,971
Annamari,968
Teresia,968
Vilhelmina,966
Tessa,964
Ruth,962
Vanamo,960
Suoma,956
Alva,947
Milena,940
Margareetta,936
Signe,935
Marlene,931
Ellinoora,929
Gun,929
Lilia,924
Nadja,921
Maarika,917
Isa,915
Ruut,915
Luna,910
Åsa,909
Miriam,899
Ines,898
Mohamed,898
Sophie,895
Silvia,890
Annu,888
Hanna-Kaisa,888
Kerttuli,888
Tatiana,886
Maj-Lis,884
Sofi,884
Juliaana,883
Ilmi,881
Nelly,878
Janni,877
Verna,877
Beata,871
Katrina,871
Nicole,869
Jennifer,865
Lemmikki,864
Margareeta,860
Juliana,851
Jatta,850
Stiina,846
Jessika,844
Pipsa,842
Lila,841
Julianna,840
Doris,837
Alissa,836
Claudia,830
Sophia,829
Annastiina,828
Impi,826
Unna,823
Lisbeth,822
Veronika,822
Micaela,814
Rea,808
Minka,806
Agnes,805
Ina,799
Nita,796
Annikka,794
Aina,791
Emily,787
Meea,787
Nuppu,782
Bettina,781
Angelica,780
Kielo,780
Emelie,779
Synnöve,779
Tatjana,777
Michelle,776
Mary,771
Soilikki,766
Minerva,763
Melinda,759
Minni,759
Britta,753
Livia,752
Maya,752
Dagmar,751
Kastehelmi,748
Mirkka,734
Ida-Maria,731
Josefin,731
Viena,728
Kukka-Maaria,727
Kukka,721
Nathalie,721
Malla,719
Merita,717
Ilse,710
Lucia,710
Gabriella,709
Maj,708
Jeanette,706
Christel,705
Jasmina,703
Ekaterina,700
Saini,699
Kaino,698
Alicia,697
Catharina,693
Andrea,690
Christa,688
Josefine,688
Hanna-Maria,687
Serafia,681
Rosita,670
Siri,670
Tamara,669
Tove,669
Elea,665
Marju,661
Ann-Marie,659
Eedit,655
Eeva-Maria,651
Eivor,651
Edla,646
Emilie,643
Pirjo-Riitta,643
Anne-Maj,641
Mai,639
Emmiina,638
Jane,638
Viveka,638
Mariel,637
Rebecka,635
Therese,634
Adelina,632
Rosanna,632
Isabelle,630
Sigrid,628
Bea,624
Ireene,623
Antonia,621
Linn,620
Marian,619
Terese,619
Sarianna,614
Tara,614
Larissa,613
Selja,612
Ria,609
Ramona,606
Hellä,605
Rose,603
Jenniina,599
Eve,598
Eriika,597
Ritva-Liisa,597
Anna-Sofia,596
Lily,595
Jelena,594
Cristina,593
Elmiina,592
Anne-Maarit,591
Catarina,591
Jannika,591
Briitta,587
Iida-Maria,576
Angelina,575
Siina,575
Ahmed,570
Sinna,563
Marit,560
Mariana,559
Susann,557
Magdaleena,556
Ottilia,556
Lenita,555
Milana,554
Fiia,552
Henna-Riikka,550
Eija-Liisa,547
Inga-Lill,547
Pirjo-Liisa,545
Galina,543
Sirja,538
Svea,536
Augusta,535
Annemari,531
Märta,531
Lara,524
Leona,522
Kristine,520
Karina,518
My,518
Angela,516
Adelia,515
Tua,514
Ilta,513
Silva,513
Noomi,510
Hulda,508
Lili,508
Viveca,507
Eeva-Maija,499
Soila,499
Pernilla,497
Ann-Christine,495
Ulpu,495
Alise,494
Ulriikka,494
Serafina,492
Sanna-Kaisa,489
Sani,488
Kreetta,486
Marikki,484
Liinu,483
Ruusu,483
Lisbet,482
Yasmin,481
Else-Maj,479
Sanna-Maria,478
Mari-Anne,476
Meiju,476
Hanneli,475
Margaret,472
Pamela,466
Maili,465
Sade,465
Marissa,462
Roosa-Maria,457
Teea,457
May,456
Ingegärd,453
Mariaana,453
Lidia,452
Ellinor,449
Bella,447
Hannamari,447
Ali,445
Aallotar,444
Amina,443
Aleksiina,440
Annica,437
Clara,436
Assi,434
Cassandra,433
Petriina,433
Gunhild,432
Margita,432
Karla,428
Nana,426
Ann-Christin,424
Hedvig,423
Angelika,422
Gun-Britt,422
Maja,422
Tuulevi,419
Riika,415
Anna-Lisa,413
Carmen,413
Mandi,412
Marjanne,410
Hannah,408
Leeni,406
Britt-Marie,402
Catherine,402
Kustaava,402
Moa,402
Mariam,400
Kreeta,399
Kamilla,398
Margarita,398
Lemmitty,397
Marica,397
Meri-Tuuli,397
Samira,397
Vivi,396
Gretel,395
Alexsandra,393
Adessa,392
Lumina,392
Henriika,391
Kirsi-Maria,391
Klaudia,391
Lumikki,391
Hanna-Maija,390
Abdi,388
Mariann,388
Fatima,387
Hellen,387
Britt,385
Katharina,385
Katrin,384
Theresa,384
Ann-Sofi,383
Maj-Len,383
Nenna,383
Mirja-Liisa,382
Bianca,381
Tiia-Maria,381
Louna,379
Gabriela,378
Erna,376
Kristin,376
Annie,375
Estelle,375
Iitu,375
Sarianne,375
Jarna,374
Ainikki,373
Mariela,373
Evelyn,372
Miira,372
Göta,370
Hillervo,370
Lauriina,370
Leena-Maija,370
Jennika,369
Valeria,369
Hilppa,367
Mielikki,366
Raija-Liisa,366
Vaula,364
Ulriika,363
Filippa,361
Minna-Liisa,361
Jadessa,360
Merituuli,360
Raita,359
Odessa,358
Valborg,356
Rut,355
Aisha,354
Ninja,352
Adéle,350
Esther,348
Josephine,348
Sabrina,348
Sonia,348
Usva,348
Carla,347
Ilma,347
Barbara,346
Lilly,345
Evita,344
Ragnhild,343
Armiida,342
Naomi,342
Ruusa,342
Gerd,341
Melisa,341
Anri,340
Hassan,339
Desiree,338
Ethel,338
Aniitta,336
Gertrud,334
Rosa-Maria,334
Annabella,333
Kajsa,333
Susa,333
Ann-Sofie,332
Thea,330
Eriikka,329
Suvi-Tuuli,329
Jenina,326
Sanja,326
Eeva-Leena,322
Lia,322
Eva-Maria,321
Henriette,321
Jessi,320
Margetta,318
Ann-Charlotte,317
Arja-Liisa,316
Evi,316
Sofianna,316
Hjördis,314
Anna-Lena,313
Eeva-Kaisa,313
Klara,313
Marisa,312
Eeva-Riitta,311
Illusia,311
Laimi,311
Rianna,311
Annaliisa,307
Denise,307
Natasha,307
Anna-Kaarina,306
Elmi,306
Hildegard,305
Grace,304
Aino-Maria,303
Amira,303
Nadia,303
Maija-Riitta,302
Miila,302
Adina,301
Evelin,301
Maikki,301
Auri,300
Gunborg,300
Salla-Mari,299
Alexia,298
Disa,298
Freja,297
Maini,296
Marke,296
Janniina,295
Klaara,294
Adalmina,293
Petronella,293
Pauline,292
Annamaria,291
Caroliina,290
Hanna-Liisa,290
Liia,290
Lyyti,289
Maia,289
Malviina,289
Ylva,289
Hanna-Riikka,288
Suvi-Tuulia,288
Jannica,287
Rose-Marie,287
Seidi,287
Karelia,286
Nette,286
Anna-Riikka,285
Anna-Riitta,285
Jennie,285
Lillemor,285
Marie-Louise,285
Auni,284
Eden,283
Jolanda,282
Kaija-Leena,282
Mariina,282
Selena,282
Theresia,282
Hanni,281
Arla,280
Janet,280
Abdullahi,279
Elli-Noora,279
Marietta,277
Etel,276
Salma,276
Celina,275
Arja-Leena,274
Zahra,274
Isabell,272
Sirke,272
Eeva-Kaarina,271
Judith,271
Minnea,271
Sissi,271
Tiiu,271
Alessia,270
Ann-Kristin,270
Karola,270
Pieta,270
Emelia,269
Hellikki,269
Marion,268
Ksenia,267
Ninna,266
Salome,266
Martha,265
Rosaliina,265
Simone,265
Alviina,263
Aino-Maija,261
Belinda,261
Lotte,261
Dina,260
Maryam,260
Stephanie,260
Annakaisa,259
Nancy,259
Tekla,258
Armida,257
Clarissa,256
Kim,255
Sirpa-Liisa,255
Meimi,254
Melanie,254
Telma,254
Desiré,253
Daria,250
Julie,250
Minna-Maria,250
Solja,249
Ulrica,249
Kaija-Liisa,248
Ingalill,245
Majlis,244
Myy,244
Sienna,244
Gunnevi,243
Gurli,243
Leonora,243
Sally,243
Tilde,243
Malena,242
Valdine,242
Annamaija,241
Pirjetta,240
Sannamari,240
Fia,239
Riitta-Leena,239
Ann-Britt,238
Emmy,238
Ingela,238
Leni,238
Pia-Maria,238
Ann-Louise,237
Ngoc,237
Bernice,236
Desirée,236
Helle,236
Margot,236
Sanna-Maija,236
Anitra,235
Bodil,235
Gudrun,235
Karen,235
Tinka,234
Viliina,234
Anastacia,232
Estella,232
Evelia,232
Ilmatar,231
Merja-Liisa,231
Larisa,230
Ulla-Riitta,230
Severiina,229
Adriana,228
Eleanor,228
Juliet,228
Noona,228
Christin,227
Nicola,227
Vivan,227
Adolfiina,225
Kristel,225
Meri-Tuulia,225
Pilvikki,225
Heidi-Maria,224
Reea,222
Anne-Maija,221
Antonina,221
Molly,221
Rachel,221
Betty,219
Alessandra,217
Carin,217
Gerda,217
Tia-Maria,217
Esmeralda,216
Manta,215
Marta,215
Dagny,214
Venny,214
Eliisabet,213
Iia,213
Thuy,212
Ani,211
Judit,211
Piitu,211
Sallamari,211
Vadelma,211
Amy,210
Katerina,210
Maria-Liisa,210
Nadezda,210
Satu-Maarit,210
Tarleena,210
Lyydi,209
Mercedes,209
Jana,208
Sanna-Leena,208
Cindy,207
Milma,207
Seliina,207
Anni-Maria,206
Eija-Riitta,206
Ella-Maria,206
Minna-Mari,206
Suvituuli,204
Tindra,204
Yasmine,204
Katinka,202
Santra,202
Sina,202
Crista,200
Ulla-Britt,200
Alla,199
Annabel,199
Kiti,199
Marjaleena,199
Daniella,198
Nanni,198
Rosalia,198
Saskia,198
Ariel,197
Annaleena,196
Jasmi,196
Juliette,196
Bettiina,195
Li,195
Hille,194
Ihanelma,194
Inga-Britt,194
Anne-Marja,193
Marija,193
Mimi,193
Viia,193
Thanh,192
Liudmila,190
Tanya,190
Liv,189
Milaja,189
Nicolina,189
Riitta-Maija,189
Ida-Sofia,188
Ana,187
Mei,187
Sabine,187
Suvi-Päivikki,187
Serena,186
Katri-Helena,185
Thelma,185
Liana,184
Tatjaana,184
Thu,184
Alexa,183
Hilpi,183
Merike,183
Mina,183
Märtha,182
Iira,181
Kaisa-Leena,181
Saida,181
Tiitu,181
Jekaterina,179
Polina,179
Lisen,176
Ljudmila,176
Markit,176
Sarlotta,176
Ann-Maj,175
Elida,175
Elizaveta,175
Sesilia,175
Elsie,174
Ia,174
Tania,174
Cia,173
Desire,173
Dolores,173
Estrid,173
Jenita,173
Nia,173
Eelin,172
Elissa,172
Matintytär,172
Tiina-Liisa,172
Beda,171
Eedla,171
Tyyni,171
Katherine,170
Maria-Leena,170
Omar,170
Rina,170
Seelia,170
Tarja-Leena,170
Tuisku,170
Hussein,169
Raija-Leena,169
Ranja,169
Britt-Mari,168
Hannaleena,168
Joy,168
Nellie,167
Jennica,166
Mariette,166
Eevastiina,165
Sanna-Liisa,165
Sara-Sofia,165
Eufemia,164
Maari,164
Pepita,164
Wenla,164
Yulia,164
Ariana,163
Cornelia,163
Henna-Maria,163
Lisette,163
Marinka,163
Neelia,163
Pirjo-Leena,162
Vilina,161
Eva-Liisa,160
Mia-Maria,160
Anna-Stina,159
Antintytär,159
Ellida,159
Inge,159
Kaneli,159
Kaisa-Maria,158
Samantha,158
Anh,157
Halla,157
Kastanja,157
Mahamed,157
Pulmu,157
Helén,156
Irinja,156
Miia-Maria,156
Pälvi,156
Mohamud,155
Ragni,155
Rosalie,155
Francesca,154
Kata,154
Malva,154
Marilla,154
Anna-Elina,153
Celine,153
Fadumo,153
Ibrahim,153
Lola,153
Marikka,153
Mirette,153
Niia,153
Sivi,153
Tarja-Liisa,153
Abigail,152
Aino-Kaisa,152
Dorothea,152
Freya,152
Gisela,152
Phuong,152
Dorrit,151
Laura-Maria,151
Milla-Maria,151
Nova,151
Salla-Maria,151
Amélie,150
Dana,150
Jannina,150
Merika,150
Miitta,150
Adela,149
Ann-Lis,149
Janessa,149
Liliana,149
Marjaliisa,149
Tiia-Mari,149
Albertiina,148
Anna-Reetta,148
Hilkka-Liisa,148
Janiina,148
Jenni-Maria,148
Katrine,148
Virginia,148
Christiina,147
Elice,147
Enne,147
Linne,147
Vivia,147
Eleanora,146
Nilla,146
Nina-Maria,146
Aletta,145
Jennina,145
Renja,145
Tiina-Maija,145
Cesilia,144
Cilla,144
Hildur,144
Marttiina,144
Milda,144
Ofelia,144
Onneli,144
Saara-Maria,144
Abdirahman,143
Anna-Kristiina,143
Hanne-Mari,143
Inez,143
Leena-Kaisa,143
Moonika,143
Daisy,142
Fiina,142
Isadora,142
Therése,142
Ilana,141
Lauha,141
Liisa-Maria,141
Antoinette,140
Friida,140
Inge-Maj,140
Iréne,140
Mari-Ann,140
Nikita,140
Ulla-Maria,140
Lillian,139
Luisa,139
Marja-Sisko,139
Mohammed,139
Runa,139
Safia,139
Xenia,139
Aniita,138
Darja,138
Marielle,138
Ruska,138
Selene,138
Peppina,137
Suzanne,137
Alida,136
Enja,136
Gun-Maj,136
Oksana,136
Anna-Emilia,135
Anna-Marja,135
Annelie,135
Emeliina,135
Louisa,135
Madelene,135
Tuike,135
Anceliga,134
Dora,134
Mari-Anna,134
Marjetta,134
Menni,134
Timontytär,134
Alinda,133
Iida-Sofia,133
Iman,133
Maj-Gret,133
Mikontytär,133
Riikka-Liisa,133
Ulla-Maj,133
Juhantytär,132
Lee,132
Nadine,132
Suometar,132
Danielle,131
Eeva-Marja,131
Ellie,131
Irena,131
Kiara,131
Leia,131
Nur,131
Senna,131
Tilma,131
Alena,130
Alvina,130
Annariina,130
Nelma,130
Safira,129
Seija-Liisa,129
Zainab,129
Alyssa,128
Anisa,128
Eimi,128
Ewa,128
Greetta,128
Kate,128
Leah,128
Maarita,128
Manuela,128
Marlena,128
Maud,128
Nonna,128
Rafaela,128
Anja-Riitta,127
Celia,127
Evgenia,127
Jemiina,127
Linea,127
Majvor,127
Natalja,127
Satu-Maria,127
Suvi-Maria,127
Linda-Maria,126
Nanette,126
Nona,126
Oxana,126
Pirre,126
Ritva-Leena,126
Sylva,126
Tiina-Maria,126
Abdulkadir,125
Eliana,125
Emiilia,125
Emili,125
Farah,125
Juni,125
Mareena,125
Tyra,125
Ann-Katrin,123
Ensi,123
Hong,123
Kitty,123
Lynn,123
Ona,123
Raakeli,123
Yusuf,123
Alfhild,122
Ludmila,122
Lumikukka,122
Sarina,122
Sera,122
Adalia,121
Aline,121
Gloria,121
Hedda,121
Henna-Mari,121
Paola,121
Rhea,121
Ros-Mari,121
Taiga,121
Agda,120
Annastina,120
Fransiina,120
Kaisa-Liisa,120
Marlen,120
Mirikli,120
Pirkitta,120
Ringa,120
Yrsa,120
Arina,119
Carolin,119
Engla,119
Ghita,119
Henrica,119
Lioudmila,119
Norma,119
Tiina-Mari,119
Anna-Maaria,118
Anna-Stiina,118
Leyla,118
Lulu,118
Maijastiina,118
Nitta,118
Paloma,118
Adeline,117
Elinor,117
Heloisa,117
Merja-Riitta,117
Rauna,117
Sharon,117
Amal,116
Denice,116
Fredriika,116
Kaur,116
Oosa,116
Monna,115
Peggy,115
Vivi-Ann,115
Ainu,114
Mianna,114
Lise,113
Noelle,113
Sallamaari,113
Vilmiina,113
Anna-Karin,112
Charlott,112
Hilve,112
Jetta,112
Maritza,112
Mirja-Leena,112
Rigmor,112
Sirje,112
Tiuku,112
Violetta,112
Zara,112
Ea,111
Marja-Helena,111
Nanny,111
Renata,111
Sari-Anne,111
Sira,111
Tuula-Maija,111
Vendela,111
Arianna,110
Dorotea,110
Linh,110
Paju,110
Aurinko,109
Claire,109
Emilja,109
Gun-Lis,109
Jasmiini,109
Manda,109
Mariita,109
Marjanna,109
Ottiilia,109
Raini,109
Ulla-Mari,109
Florence,108
Milli,108
Rose-Maj,108
Sahra,108
Vanilla,108
Janine,107
Keiju,107
Mary-Ann,107
Mathilde,107
Merete,107
Riikka-Maria,107
Rinna,107
Rosina,107
Yolanda,107
Zaida,107
Helly,106
Henny,106
Katjaana,106
Liubov,106
Peppi-Lotta,106
Rania,106
Urpu,106
Anika,105
Anne-Riitta,105
Arja-Riitta,105
Catrin,105
Catrine,105
Fredriikka,105
Heikintytär,105
Mirelle,105
Priscilla,105
Akuliina,104
Anja-Liisa,104
Anna-Katariina,104
Eea,104
Emma-Sofia,104
Hennariikka,104
Marguerite,104
Nadejda,104
Ulla-Marja,104
Elliina,103
Khadija,103
Maura,103
Selinda,103
Stefanie,103
Violet,103
Albertina,102
Ann-Charlott,102
Casandra,102
Celeste,102
Elif,102
Eliise,102
Eugenia,102
Liselott,102
Sinja,102
Vella,102
Anneka,101
Anni-Sofia,101
Eija-Leena,101
Irja-Liisa,101
Osman,101
Sonya,101
Aleksia,100
Alisia,100
Caterina,100
Edna,100
Gunn,100
Henniina,100
Jeannette,100
Rilla,100
Annmari,99
Chloe,99
Eufrosyne,99
Janetta,99
Ljubov,99
Lucy,99
Nanne,99
Noor,99
Pirketta,99
Ristiina,99
Sella,99
Tutta,99
Zoe,99
Hagar,98
Hanna-Riitta,98
Hilde,98
Irmelin,98
Jean,98
Savannah,98
Tatja,98
Gunn-Britt,97
Joan,97
Nessa,97
Salla-Maaria,97
Eela,96
Elly,96
Emerentia,96
Sara-Maria,96
Sole,96
Tita,96
Anni-Mari,95
Carmela,95
Eleni,95
Hani,95
Kirsimarja,95
Meira,95
Tianna,95
Vendla,95
Yasemin,95
Zeinab,95
Fatma,94
Jamina,94
Margareth,94
Melek,94
Opri,94
Sini-Tuulia,94
Vienna,94
Alessa,93
Anna-Greta,93
Cathrine,93
Gitta,93
Hinni,93
Manna,93
Nada,93
Serafiia,93
Sini-Maria,93
Verona,93
Emine,92
Hafsa,92
Jacqueline,92
Julina,92
Justina,92
Kathleen,92
Margitta,92
Merit,92
Minnamari,92
Terja,92
Tuuliina,92
Vivika,92
Chiara,91
Karoline,91
Liida,91
Lotta-Maria,91
Minda,91
Minttu-Maaria,91
Muisto,91
Sanna-Maarit,91
Tuyet,91
Unnukka,91
Aicha,90
Asma,90
Eerin,90
Emmi-Lotta,90
Jarintytär,90
Julietta,90
Kirsi-Maarit,90
Minella,90
Natali,90
Raina,90
Renate,90
Sumaya,90
Anina,89
Anne-Kristiina,89
Corinne,89
Emma-Lotta,89
Eveline,89
Evy,89
Hannakaisa,89
Lauren,89
Line,89
Lise-Lotte,89
Marja-Kaarina,89
Minna-Maarit,89
Thao,89
Valerie,89
Viviana,89
Anne-Marita,88
Eleanoora,88
Gabrielle,88
Hannuntytär,88
Huong,88
Jill,88
Kaisa-Mari,88
Kiana,88
Liselotte,88
Minh,88
Minttu-Maria,88
Miona,88
Miranna,88
Tarita,88
Toive,88
Unni,88
Vanilja,88
Angel,87
Annuli,87
Berta,87
Gunda,87
Kukka-Maria,87
Marena,87
Marje,87
Minna-Leena,87
Mitra,87
Päivyt,87
Toivikki,87
Ainamo,86
Arita,86
Arlene,86
Enya,86
Etta,86
Flora,86
Jemima,86
Jenna-Maria,86
Julianne,86
Kaari,86
Mae,86
Maret,86
Minna-Riitta,86
Sofiia,86
Sorella,86
Tuula-Marja,86
Deborah,85
Jukantytär,85
Merja-Leena,85
Miili,85
Pricilla,85
Said,85
Sulevi,85
Suvi-Maaria,85
Tii,85
Tiina-Riitta,85
Agata,84
Beeda,84
Emina,84
Gina,84
Hymy,84
Juudit,84
Meja,84
Mikantytär,84
Odette,84
Cajsa,83
Karintytär,83
Mataleena,83
Mona-Lisa,83
Soraja,83
Suzan,83
Adella,82
Alexandria,82
Anna-Karoliina,82
Eliza,82
Ha,82
Henriina,82
Lova,82
Meliina,82
Merina,82
Savanna,82
Sunna,82
Ulpukka,82
Angelique,81
Ann-Helen,81
Cristiina,81
Donna,81
Eevaliisa,81
Eeva-Stiina,81
Hanna-Reetta,81
Hele,81
Lyylikki,81
Marja-Kaisa,81
Melody,81
Mirkku,81
Pirta,81
Trang,81
Vivianna,81
Anne-May,80
Dalia,80
Edita,80
Hamdi,80
Mella,80
Miida,80
Mildred,80
Oivi,80
Rosalina,80
Satu-Marja,80
Agatha,79
Anna-Helena,79
Gitte,79
Helin,79
Hodan,79
Iina-Maria,79
Maryan,79
Pirkko-Leena,79
Terttu-Liisa,79
Tähti,79
Una,79
Ayan,78
Heléne,78
Mainikki,78
Minna-Kaisa,78
Satu-Maaria,78
Sirkka-Leena,78
Sorja,78
Tora,78
Anna-Lotta,77
Ann-Catrin,77
Ariela,77
Asha,77
Cara,77
Constance,77
Eloisa,77
Frances,77
Görel,77
Izabella,77
Joanne,77
Lilianna,77
Maleena,77
Margarethe,77
Meija,77
Minessa,77
Nemi,77
Soraya,77
Stefania,77
Daalia,76
Eliisi,76
Gia,76
Jamila,76
Jenika,76
Kaija-Riitta,76
Kirsten,76
Le,76
Marinella,76
Minette,76
Nea-Maria,76
Oma,76
Riitu,76
Ronya,76
Simona,76
Sol-Britt,76
Tuuli-Maria,76
Wera,76
Adolfina,75
Anmari,75
Jeanne,75
Lana,75
Marléne,75
Nhi,75
Pii,75
Salla-Maarit,75
Sarika,75
Villiina,75
Viva,75
Vivianne,75
Aino-Sofia,74
Alexina,74
Anetta,74
Angervo,74
Catalina,74
Clary,74
Eva-Stina,74
Freija,74
Gunlög,74
Gustava,74
Helmi-Maria,74
Magda,74
Matilde,74
Nelle,74
Silla,74
Tarina,74
Tiana,74
Tiina-Kaisa,74
Yasmina,74
Aino-Liisa,73
Aliisi,73
Annemarie,73
Anni-Kaisa,73
Chantal,73
Elaine,73
Halima,73
Helkky,73
Leonie,73
Liisa-Maija,73
Reine,73
Renée,73
Serina,73
Sirena,73
Aleksantra,72
Anastassia,72
Anki,72
Anya,72
Eda,72
Elliida,72
Elli-Maija,72
Eva-Lisa,72
Huda,72
Ingemo,72
Isra,72
Jenni-Mari,72
Kamomilla,72
Lan,72
Lene,72
Marwa,72
Mi,72
Mindi,72
Niini,72
Venni,72
Aana,71
Aleksandrovna,71
Elli-Maria,71
Etti,71
Ismail,71
Kariina,71
Kirsi-Mari,71
Laine,71
Meh,71
Naima,71
Niina-Maria,71
Raakkel,71
Valvikki,71
Veea,71
Adanna,70
Andréa,70
Anu-Riikka,70
Eleonor,70
Inka-Maria,70
June,70
Kersti,70
Leanna,70
Leena-Maria,70
Meryem,70
Neve,70
Rosalinda,70
Signhild,70
Sini-Maaria,70
Sipriina,70
Tiila,70
Uma,70
Venja,70
Anna-Riina,69
Cristine,69
Irma-Liisa,69
Katia,69
Lianna,69
Lise-Lott,69
Maren,69
Marjo-Liisa,69
Muusa,69
Ros-Marie,69
Sanna-Riikka,69
Sikuriina,69
Tiiti,69
Tuomikki,69
Wanda,69
Vanja,69
Annimari,68
Birit,68
Brigitte,68
Esra,68
Hetti,68
Jama,68
Jessiina,68
Jonna-Maria,68
Juanita,68
Juli,68
Meerit,68
Nimo,68
Varvara,68
Aino-Elina,67
Anuliina,67
Aya,67
Eeva-Mari,67
Emmi-Sofia,67
Leena-Marja,67
Maileena,67
Melita,67
Merituulia,67
Noora-Maria,67
Priitta,67
Riina-Maria,67
Valentiina,67
Vivien,67
Aleksina,66
Ayla,66
Jannike,66
Jessina,66
Kristella,66
Maijaliisa,66
María,66
Milea,66
Miljaana,66
Sanne,66
Tiffany,66
Van,66
Ancela,65
Anna-Maarit,65
Birkitta,65
Edda,65
Kaisli,65
Liidia,65
Liza,65
Maritsa,65
Meritta,65
Pekantytär,65
Taava,65
Thyra,65
Tova,65
Yen,65
Albina,64
Annaliina,64
Anneliina,64
Brianna,64
Emmaliina,64
Hanna-Maaria,64
Jenica,64
Juulianna,64
Katarine,64
Kuura,64
Leija,64
Marjana,64
Marjo-Riikka,64
Penni,64
Siiri-Sofia,64
Soja,64
Taisia,64
Ullamaija,64
Viona,64
Vladimirovna,64
Ying,64
Angeliina,63
Asteri,63
Hanna-Maarit,63
Hope,63
Iiri,63
Katri-Maria,63
Layla,63
Malvina,63
Markontytär,63
Milla-Maaria,63
Rahma,63
Roza,63
Ruby,63
Silmu,63
Theodora,63
Adèle,62
Aliise,62
Amilia,62
Anna-Katriina,62
Chatarina,62
Diane,62
Elanor,62
Hélène,62
Kelly,62
Kikka,62
Milla-Mari,62
Nathalia,62
Pelagia,62
Sanniina,62
Sarri,62
Seija-Riitta,62
Silpa,62
Tuua,62
Ulla-Stina,62
Adelaide,61
Aimi,61
Amalie,61
Ella-Noora,61
Ellinora,61
Eva-Lotta,61
Greeta,61
Jenna-Mari,61
Kylli,61
Lolan,61
Maare,61
Madelein,61
Marilyn,61
Medina,61
Miilia,61
Minna-Maaria,61
Onnia,61
Safiya,61
Satu-Sinikka,61
Scarlett,61
Suvi-Päivi,61
Tarja-Riitta,61
Tehilla,61
Veera-Maria,61
Vilda,61
Aisla,60
Annariikka,60
Arintytär,60
Ayaan,60
Debora,60
Kateriina,60
Margarete,60
Martiina,60
Miia-Mari,60
Naimi,60
Pirja,60
Päivänsäde,60
Renee,60
Solbritt,60
Soma,60
Torborg,60
Villentytär,60
Abdirashid,59
Alia,59
Anni-Elina,59
Beatriz,59
Birgetta,59
Dorothy,59
Eerica,59
Ella-Mari,59
Erja-Liisa,59
Franziska,59
Gea,59
Georgina,59
Hilla-Maria,59
Immi,59
Inessa,59
Katja-Maria,59
Kitta,59
Lioubov,59
Mari-Johanna,59
May-Britt,59
Menna,59
Mildrid,59
Misa,59
Nadezhda,59
Najma,59
Pia-Liisa,59
Sheila,59
Suleima,59
Tanita,59
Ulla-Riikka,59
Viktoriina,59
Anastasija,58
Anni-Maija,58
Anu-Maarit,58
Awa,58
Beea,58
Corinna,58
Dahlia,58
Evena,58
Jada,58
Karenina,58
Marine,58
Nelia,58
Petrintytär,58
Rae,58
Riikka-Leena,58
Sue,58
Suvi-Marja,58
Tarja-Tuulikki,58
Titti,58
Tonja,58
Tuula-Riitta,58
Veela,58
Aada-Maria,57
Ada-Sofia,57
Alba,57
Alica,57
Del,57
Delila,57
Eeda,57
Eleena,57
Fredrica,57
Helpi,57
Janella,57
Kaisa-Maija,57
Liisu,57
Lin,57
Luise,57
Lykke,57
Mariama,57
Mariatta,57
Mariikka,57
Maryama,57
Merle,57
Minéa,57
Nhu,57
Nika,57
Olena,57
Susana,57
Weera,57
Adaliina,56
Aivi,56
Arna,56
Aylin,56
Bertha,56
Ciara,56
Eevamaria,56
Ella-Sofia,56
Elmiira,56
Emilla,56
Heili,56
Heinikki,56
Joyce,56
Kaiju,56
Madeline,56
Mahamud,56
Maija-Kaisa,56
Mai-Lis,56
Minna-Maija,56
Penelope,56
Sisko-Liisa,56
Tuomi,56
Tuva,56
Anu-Maria,55
Beada,55
Désirée,55
Emmi-Maria,55
Fiinu,55
Hanan,55
Hannamaria,55
Jussintytär,55
Kaisu-Leena,55
Kirsti-Liisa,55
Lilla,55
Malak,55
Manja,55
Maxine,55
Mili,55
Milia,55
Pihlaja,55
Quynh,55
Sahar,55
Shukri,55
Sievä,55
Sofiina,55
Zeynep,55
Anna-Kaija,54
Anna-Reeta,54
Bich,54
Carol,54
Desireé,54
Elvina,54
Esma,54
Halimo,54
Hanne-Maria,54
Ida-Lotta,54
Ifrah,54
Ingvor,54
Junia,54
Käthe,54
Maaren,54
Metta,54
Mimmu,54
Safa,54
Tiitta,54
Vida,54
Zinaida,54
Ancelika,53
Anne-Liisa,53
Eedith,53
Eline,53
Elsa-Maria,53
Emelina,53
Esme,53
Khadra,53
Laura-Kaisa,53
Marjorie,53
Marla,53
Megan,53
Noa,53
Noelia,53
Sari-Anna,53
Shirin,53
Talvi,53
Varma,53
Wendy,53
Yan,53
Yana,53
Ainomaija,52
Alejandra,52
Ami,52
Annami,52
April,52
Berfin,52
Birgitte,52
Christiane,52
Dania,52
Eevaleena,52
Essi-Maria,52
Evin,52
Maaretta,52
Madelen,52
Malika,52
Marjo-Leena,52
Metti,52
Niki,52
Riikka-Mari,52
Riitta-Sisko,52
Rosemarie,52
Saana-Maria,52
Sanni-Maria,52
Siro,52
Tuija-Liisa,52
Velma,52
Wilda,52
Vivica,52
Anett,51
Ashley,51
Ayse,51
Celinda,51
Chloé,51
Ellanoora,51
Gunlis,51
Ida-Emilia,51
Indira,51
Joana,51
Kukkamaaria,51
Markareetta,51
Mesi,51
Neilikka,51
Nelli-Noora,51
Sanni-Mari,51
Siw,51
Teodora,51
Tuutikki,51
Vy,51
Aden,50
Ann-Maria,50
Chelsea,50
Demi,50
Dolly,50
Eileen,50
Eleonore,50
Enia,50
Faith,50
Gita,50
Heldine,50
Hoang,50
Madelaine,50
Melis,50
Ninette,50
Priita,50
Sigbritt,50
Sirkku-Liisa,50
Tinna,50
Aniela,49
Annabelle,49
Anna-Katri,49
Azra,49
Britt-Louise,49
Eeva-Kristiina,49
Elsbeth,49
Faina,49
Henriksdotter,49
Jenny-Maria,49
Jinna,49
Johanne,49
Karolin,49
Keijukka,49
Lizette,49
Marjaterttu,49
Mindy,49
Mirabella,49
Miska,49
Noemi,49
Otteliaana,49
Peppilotta,49
Pia-Mari,49
Reetta-Liisa,49
Rosanne,49
Tuuni,49
Vesta,49
Adna,48
Ailakki,48
Anne-Charlotte,48
Beatrix,48
Dea,48
Elisi,48
Emma-Maria,48
Eva-Marie,48
Fatemeh,48
Janiika,48
Julija,48
Kristen,48
Lisa-Maria,48
Markuntytär,48
Nga,48
Odelia,48
Oona-Maria,48
Outi-Maria,48
Roosa-Maaria,48
Seita,48
Sibel,48
Terése,48
Tuula-Anneli,48
Valpu,48
Abukar,47
Ada-Maria,47
Ainomaria,47
Alison,47
Anissa,47
Audrey,47
Eena,47
Hana,47
Heini-Maria,47
Jaakontytär,47
Jonna-Mari,47
Katju,47
Lorena,47
Maissi,47
Mare,47
Mariko,47
Michele,47
Muru,47
Nasti,47
Roberta,47
Sadia,47
Sannakaisa,47
Sanna-Maaria,47
Taira,47
Violeta,47
Viviann,47
Zahraa,47
Aire,46
Ania,46
Athena,46
Dahir,46
Erina,46
Fatou,46
Gunni,46
Irkka,46
Janice,46
Kay,46
Linéa,46
Ly,46
Marcella,46
Melia,46
Mohammad,46
Ninnu,46
Raakkeli,46
Sundus,46
Sävy,46
Tella,46
Ulla-Brita,46
Vega,46
Wellamo,46
Zhanna,46
Aaria,45
Ailiina,45
Aino-Inkeri,45
An,45
Anja-Leena,45
Anniliina,45
Arnevi,45
Bashir,45
Camille,45
Darling,45
Delia,45
Dilara,45
Eija-Sinikka,45
Eili,45
Gladys,45
Gundel,45
Hannamaija,45
Henna-Leena,45
Jaanika,45
Lolita,45
Marget,45
Mariza,45
Monique,45
Piia-Maria,45
Saara-Maija,45
Suna,45
Venna,45
Wiivi,45
Adelle,44
Ailikki,44
Anjuska,44
Anne-Marjut,44
Annimaria,44
Bahar,44
Brigitta,44
Céline,44
Gunbritt,44
Hawa,44
Huyen,44
Jael,44
Jenna-Julia,44
Kayla,44
Kesia,44
Loan,44
Lovis,44
Malou,44
Marja-Elina,44
Matlena,44
Natascha,44
Rinja,44
Sissel,44
Tupuna,44
Uni,44
Veena,44
Viktorina,44
Wiola,44
Vivienne,44
Abdirizak,43
Alexis,43
Anne-Christine,43
Aria,43
Brenda,43
Camila,43
Dorita,43
Elenor,43
Else-May,43
Esteriina,43
Eunice,43
Farida,43
Hanna-Elina,43
Hawo,43
Henna-Kaisa,43
Hetta,43
Idun,43
Ilo,43
Inge-Britt,43
Iona,43
Ivy,43
Jannentytär,43
Jeni,43
Kirsi-Maaria,43
Lida,43
Liila,43
Lisa-Marie,43
Mariah,43
Mikaelsdotter,43
Milja-Maria,43
Minna-Riikka,43
Minne,43
Nasra,43
Repekka,43
Riitta-Kaisa,43
Sargit,43
Sinella,43
Sivia,43
Ulla-Leena,43
Verena,43
Vesantytär,43
Vilma-Lotta,43
Adan,42
Aleksa,42
Anne-Kaarina,42
Anni-Emilia,42
Aslög,42
Bao,42
Briita,42
Carlotta,42
Eja,42
Ela,42
Ellamari,42
Fransilia,42
Fransiska,42
Gunveig,42
Hang,42
Harrintytär,42
Helfrid,42
Hippu,42
Hoa,42
Idamaria,42
Katie,42
Kea,42
Krista-Maria,42
Lavinia,42
Leonore,42
Ling,42
Lotten,42
Marge,42
Marja-Kristiina,42
Marlén,42
Mia-Mari,42
Mira-Maria,42
Nour,42
Piret,42
Rosemary,42
Serafima,42
Sini-Tuuli,42
Tiia-Riikka,42
Yusra,42
Zoja,42
Andersdotter,41
Beate,41
Carolyn,41
Eetla,41
Farhia,41
Hannaliisa,41
Hanna-Marja,41
India,41
Karima,41
Karpalo,41
Katjuska,41
Leena-Kaarina,41
Malgorzata,41
Marcela,41
Maria-Helena,41
Mary-Anne,41
Merette,41
Miia-Marika,41
Miija,41
Oline,41
Pia-Riitta,41
Rana,41
Safiira,41
Sagal,41
Sari-Maarit,41
Satu-Sisko,41
Senia,41
Snöfrid,41
Solina,41
Tuulianna,41
Valo,41
Vineta,41
Aada-Sofia,40
Alfrida,40
Amiira,40
Anaïs,40
Anni-Leena,40
Anu-Liisa,40
Apollonia,40
Aster,40
Edina,40
Effi,40
Ella-Maija,40
Eloise,40
Erja-Riitta,40
Fardowsa,40
Frederika,40
Habiba,40
Helianna,40
Iida-Emilia,40
Josefia,40
Maarja,40
Madicken,40
Maija-Stiina,40
Mairit,40
Mari-Leena,40
Mari-Louise,40
Melida,40
Neda,40
Onna,40
Sadetta,40
Sanni-Sofia,40
Seena,40
Siham,40
Sirpa-Leena,40
Tam,40
Tiia-Riina,40
Tiina-Marja,40
Tuija-Leena,40
Ulla-Kaisa,40
Viivi-Maria,40
Viktoriya,40
Abdullah,39
Agnete,39
Alfa,39
Alisha,39
Ama,39
Amber,39
Arabella,39
Ariella,39
Ciia,39
Ditte,39
Elmira,39
Emmelie,39
Gun-Marie,39
Hanh,39
Henna-Maija,39
Iida-Liisa,39
Iida-Lotta,39
Iida-Maija,39
Ilkantytär,39
Iro,39
Isolde,39
Jasna,39
Kaiho,39
Kirta,39
Leena-Mari,39
Lydmila,39
Maida,39
Majlen,39
Malina,39
Mandy,39
Manteli,39
Marjoriitta,39
Meena,39
Nan,39
Nenne,39
Nikki,39
Ollintytär,39
Philippa,39
Pi,39
Pomeliina,39
Roosa-Mari,39
Rosi,39
Saara-Kaisa,39
Safina,39
Sana,39
Shirley,39
Sickan,39
Sini-Maarit,39
Tilla,39
Tilta,39
Tintti,39
Viktorovna,39
Annmarie,38
Aula,38
Dilan,38
Dung,38
Effia,38
Eija-Inkeri,38
Emma-Kaisa,38
Erja-Leena,38
Eva-Maija,38
Eyvor,38
Francisca,38
Hazel,38
Inga-Liisa,38
Isela,38
Katalin,38
Kimberly,38
Kuu,38
Madleena,38
Marjuska,38
Minnie,38
Mirja-Riitta,38
Nguyen,38
Nomi,38
Paulette,38
Pia-Kristiina,38
Rimma,38
Rosamaria,38
Saija-Leena,38
Samintytär,38
Saranda,38
Sini-Marja,38
Suvi-Tuulikki,38
Svanhild,38
Telle,38
Tiia-Tuulia,38
Vea,38
Yu,38
Zelda,38
Adelea,37
Adelie,37
Agnieszka,37
Aija-Leena,37
Alana,37
Alexiina,37
Anne-Marika,37
Bushra,37
Catariina,37
Cecilie,37
Christiana,37
Darina,37
Derya,37
Elene,37
Emi,37
Emma-Leena,37
Emma-Liisa,37
Erikka,37
Esantytär,37
Eva-Kaarina,37
Franciska,37
Frideborg,37
Geraldine,37
Gun-May,37
Gun-Viol,37
Heli-Maria,37
Hibo,37
Hilkka-Maija,37
Iidamaria,37
Illuusia,37
Iraida,37
Isella,37
Ivanovna,37
Johansdotter,37
Kiisa,37
Kitte,37
Krisse,37
Ksenija,37
Lucie,37
Maj-Brit,37
Majbritt,37
Malaika,37
Margaretta,37
Marleen,37
Melike,37
Mertta,37
Merve,37
Mette-Maria,37
Mustafa,37
Nasrin,37
Natja,37
Neonilla,37
Nicoletta,37
Norah,37
Raquel,37
Saara-Sofia,37
Salka,37
Sinaida,37
Smilla,37
Tuuli-Maaria,37
Ulla-Maarit,37
Yael,37
Agnetha,36
Aino-Emilia,36
Anilla,36
Anna-Marie,36
Anne-Maaret,36
Anu-Mari,36
Biritta,36
Britt-Inger,36
Chanel,36
Dawn,36
Eevamaija,36
Ellimaija,36
Enneli,36
Erkintytär,36
Faisa,36
Hannemari,36
Helky,36
Iryna,36
Jelina,36
Jenifer,36
Kamila,36
Katharine,36
Kerttu-Liisa,36
Larsdotter,36
Lien,36
Mairi,36
Margherita,36
Margitha,36
Markitta,36
Marle,36
Martine,36
Melodia,36
Minta,36
Naemi,36
Nasro,36
Nguyet,36
Nhung,36
Novalie,36
Priska,36
Ragnborg,36
Riitta-Maria,36
Ristontytär,36
Roosamari,36
Rosa-Marie,36
Saara-Liisa,36
Sania,36
Sarai,36
Skye,36
Suvituulia,36
Tapiontytär,36
Tuomaantytär,36
Airiina,35
Anna-Julia,35
Anna-Pauliina,35
Annasofia,35
Antonella,35
Arwen,35
Asmaa,35
Caitlin,35
Cynthia,35
Deniz,35
Eeva-Sisko,35
Einikki,35
Ellamaria,35
Emilija,35
Enniina,35
Eugenie,35
Hanna-Riina,35
Hanna-Sofia,35
Hasan,35
Helmina,35
Helmi-Sofia,35
Hiba,35
Inga-Lis,35
Iqra,35
Jeena,35
Joline,35
Josetta,35
Jounintytär,35
Katarzyna,35
Kathryn,35
Katya,35
Kristiine,35
Laurintytär,35
Liivia,35
Linda-Marie,35
Lumianna,35
Lumilla,35
Madina,35
Mai-Britt,35
Majken,35
Maria-Sofia,35
Marike,35
Marja-Lea,35
Minnaliisa,35
Mireille,35
Ngan,35
Nila,35
Nisa,35
Petrina,35
Reetta-Leena,35
Ruuth,35
Saba,35
Samia,35
Sasha,35
Seija-Leena,35
Suvi-Maarit,35
Teija-Liisa,35
Titi,35
Ulla-Kaarina,35
Ulla-Liisa,35
Ullamari,35
Abbas,34
Abdifatah,34
Adelé,34
Aksiina,34
Alda,34
Amani,34
Annel,34
Annemaria,34
Ann-Nina,34
Anu-Leena,34
Chi,34
del,34
Dominique,34
Eevakaisa,34
Elizabet,34
Els-Maj,34
Enni-Maria,34
Evia,34
Fay,34
Hatice,34
Helina,34
Helny,34
Henna-Maaria,34
Hilja-Maria,34
Iida-Mari,34
Inca,34
Inga-Maria,34
Inge-May,34
Jaana-Maria,34
Jamal,34
Jarita,34
Katy,34
Kirsi-Leena,34
Lilija,34
Lis-Marie,34
Lucina,34
